<?xml version="1.0" encoding="UTF-8"?>
<!DOCTYPE generatorConfiguration
        PUBLIC "-//mybatis.org//DTD MyBatis Generator Configuration 1.0//EN"
        "http://mybatis.org/dtd/mybatis-generator-config_1_0.dtd">
<generatorConfiguration>
    <!--导入属性配置 -->
    <properties resource="jdbc.properties"></properties>
    <!--指定特定数据库的jdbc驱动jar包的位置 -->
    <classPathEntry location="${jdbc.driverLocation}"/>
    <!-- 一个数据库一个context -->
    <context id="default" targetRuntime="MyBatis3">
        <!-- optional，旨在创建class时，对注释进行控制 -->
        <commentGenerator>
            <property name="suppressAllComments" value="true" /><!-- 是否取消注释 -->
            <property name="suppressDate" value="true" /> <!-- 是否生成注释代时间戳 -->
        </commentGenerator>
        <!--jdbc的数据库连接 -->
        <jdbcConnection driverClass="${jdbc.driver}" connectionURL="${jdbc.url}" userId="${jdbc.username}"
                        password="${jdbc.password}">
        </jdbcConnection>
        <!-- 非必需，类型处理器，在数据库类型和java类型之间的转换控制-->
        <javaTypeResolver>
            <!-- 是否使用bigDecimal， false可自动转化以下类型（Long, Integer, Short, etc.） -->
            <property name="forceBigDecimals" value="false"/>
        </javaTypeResolver>
        <!-- Model模型生成器,用来生成含有主键key的类，记录类 以及查询Example类
            targetPackage     指定生成的model生成所在的包名
            targetProject     指定在该项目下所在的路径
        -->
        <javaModelGenerator targetPackage="com.wp.restuarant.data.food.entity" targetProject="src/main/java">
            <!-- 是否在当前路径下新加一层schema,eg：fase路] entity-->
            <property name="enableSubPackages" value="false"/>
            <!-- 是否对model添加 构造函数 -->
            <property name="constructorBased" value="true"/>
            <property name="trimStrings" value="true"/>

        </javaModelGenerator>
        <!--Mapper映射文件生成所在的目录 为每一个数据库的表生成对应的SqlMap文件 -->
        <sqlMapGenerator targetPackage="order" targetProject="src/main/resources/mapper">
            <!-- 是否在当前路径下新加一层schema,eg：fase路径com.m2plat.his.dao，mapper true:com.m2plat.his.dao.[schemaName] -->
            <property name="enableSubPackages" value="false"/>
        </sqlMapGenerator>
        <javaClientGenerator targetPackage="com.wp.restuarant.data.order.dao" targetProject="src/main/java" type="XMLMAPPER">
            <!-- 是否在当前路径下新加一层schema,eg：fase路径com.m2plat.his.dao， true:com.m2plat.his.dao.[schemaName] -->
            <property name="enableSubPackages" value="false"/>
        </javaClientGenerator>
        <table tableName="t_orderid" schema="forgraduate" enableCountByExample="false"
               enableDeleteByExample="false" enableSelectByExample="false"
               enableUpdateByExample="false" domainObjectName="OrderId">
        </table>
    </context>
</generatorConfiguration>