<?xml version="1.0" encoding="UTF-8"?>
<beans xmlns="http://www.springframework.org/schema/beans"
	   xmlns:xsi="http://www.w3.org/2001/XMLSchema-instance"
	   xmlns:context="http://www.springframework.org/schema/context"
	   xmlns:mvc="http://www.springframework.org/schema/mvc" xmlns:tx="http://www.springframework.org/schema/tx"
	   xsi:schemaLocation="http://www.springframework.org/schema/mvc http://www.springframework.org/schema/mvc/spring-mvc-4.1.xsd
		http://www.springframework.org/schema/beans http://www.springframework.org/schema/beans/spring-beans.xsd
		http://www.springframework.org/schema/context http://www.springframework.org/schema/context/spring-context-4.1.xsd http://www.springframework.org/schema/tx http://www.springframework.org/schema/tx/spring-tx.xsd">
	<!-- 声明使用注解的方式 -->
	<mvc:annotation-driven/>

	<!--静态资源管理-->
	<mvc:default-servlet-handler></mvc:default-servlet-handler>

	<!--自动转到主页-->
	<mvc:view-controller path="/" view-name="redirect:/client/list"/>
  <!-- 扫描包 -->

   <context:component-scan base-package="com.wp">
	   <context:include-filter type="annotation" expression="org.springframework.stereotype.Controller"/>
   </context:component-scan>
   <!--视图解析器-->
	<bean class="org.springframework.web.servlet.view.InternalResourceViewResolver">

		<!--前缀-->
		<property name="prefix" value="/WEB-INF/views/"></property>
		<!--后缀-->
		<property name="suffix" value=".jsp"></property>
	</bean>
	<!--配置JSR303bean validate定义 数据验证-->
	<bean id="validator" class="org.springframework.validation.beanvalidation.LocalValidatorFactoryBean">
		<property name="providerClass" value="org.hibernate.validator.HibernateValidator"></property>
	</bean>

	<!---支持文件上传-->
	<bean id="multipartResolver" class="org.springframework.web.multipart.commons.CommonsMultipartResolver"></bean>


</beans>

