<?xml version="1.0" encoding="UTF-8"?>
<beans xmlns="http://www.springframework.org/schema/beans" xmlns:xsi="http://www.w3.org/2001/XMLSchema-instance"
       xmlns:context="http://www.springframework.org/schema/context"
       xmlns:mvc="http://www.springframework.org/schema/mvc" xmlns:tx="http://www.springframework.org/schema/tx"
       xmlns:aop="http://www.springframework.org/schema/aop"
       xsi:schemaLocation="http://www.springframework.org/schema/beans http://www.springframework.org/schema/beans/spring-beans-4.0.xsd
		http://www.springframework.org/schema/context http://www.springframework.org/schema/context/spring-context-4.0.xsd
		http://www.springframework.org/schema/mvc http://www.springframework.org/schema/mvc/spring-mvc-4.0.xsd http://www.springframework.org/schema/tx http://www.springframework.org/schema/tx/spring-tx.xsd http://www.springframework.org/schema/aop http://www.springframework.org/schema/aop/spring-aop.xsd">
    <description>Spring MVC Configuration</description>
    <!-- 使用Annotation自动注册Bean，解决事物失效问题：在主容器中不扫描@Controller注解，在SpringMvc中只扫描@Controller注解。  -->
    <context:component-scan base-package="com.wp"><!-- base-package 如果多个，用“,”分隔 -->
        <context:exclude-filter type="annotation" expression="org.springframework.stereotype.Controller"/>
    </context:component-scan>
    <context:property-placeholder location="classpath:jdbc.properties"/>
    <!-- 数据源配置, 使用 BoneCP 数据库连接池 -->
    <bean id="dataSource" class="com.alibaba.druid.pool.DruidDataSource" init-method="init" destroy-method="close">
        <!-- 数据源驱动类可不写，Druid默认会自动根据URL识别DriverClass -->
        <property name="driverClassName" value="${jdbc.driver}"/>

        <!-- 基本属性 url、user、password -->
        <property name="url" value="${jdbc.url}"/>
        <property name="username" value="${jdbc.username}"/>
        <property name="password" value="${jdbc.password}"/>

        <!-- 配置初始化大小、最小、最大 -->
        <property name="initialSize" value="${jdbc.pool.init}"/>
        <property name="minIdle" value="${jdbc.pool.minIdle}"/>
        <property name="maxActive" value="${jdbc.pool.maxActive}"/>

        <!-- 配置获取连接等待超时的时间 -->
        <property name="maxWait" value="60000"/>

        <!-- 配置间隔多久才进行一次检测，检测需要关闭的空闲连接，单位是毫秒 -->
        <property name="timeBetweenEvictionRunsMillis" value="60000"/>

        <!-- 配置一个连接在池中最小生存的时间，单位是毫秒 -->
        <property name="minEvictableIdleTimeMillis" value="300000"/>

        <property name="validationQuery" value="${jdbc.testSql}"/>
        <property name="testWhileIdle" value="true"/>
        <property name="testOnBorrow" value="false"/>
        <property name="testOnReturn" value="false"/>

        <!-- 打开PSCache，并且指定每个连接上PSCache的大小（Oracle使用）
        <property name="poolPreparedStatements" value="true" />
        <property name="maxPoolPreparedStatementPerConnectionSize" value="20" /> -->

        <!-- 配置监控统计拦截的filters -->
        <property name="filters" value="stat"/>
        <!--合并sql 统计执行时间超过5秒的sql-->
        <property name="connectionProperties" value="druid.stat.mergeSql=true;druid.stat.slowSqlMillis=5000"/>
    </bean>
    <!--&lt;!&ndash; 配置Jdbc模板 &ndash;&gt;-->
    <!--<bean id="jdbcTemplate" class="org.springframework.jdbc.core.JdbcTemplate">-->
    <!--<property name="dataSource" ref="dataSource"></property>-->
    <!--</bean>-->

    <!-- spring和MyBatis完美整合，不需要mybatis的配置映射文件 -->
    <bean id="sqlSessionFactory" class="org.mybatis.spring.SqlSessionFactoryBean">
        <property name="dataSource" ref="dataSource"/>
        <property name="typeAliasesPackage" value="com.wp"></property>
        <!--<property name="typeAliasesSuperType" value="com.wp.common.persistence.BaseEntity"></property>-->
        <property name="configLocation" value="classpath:mybatis-config.xml"></property>
        <!-- 自动扫描mapping.xml文件 -->
        <property name="mapperLocations" value="classpath:mapper/**/*.xml"></property>
    </bean>

    <!--&lt;!&ndash; DAO接口所在包名，Spring会自动查找其下的类 扫描BasePackage下@Mybatis注解的所有类&ndash;&gt;-->
    <bean id="mapperScannerConfigurer" class="org.mybatis.spring.mapper.MapperScannerConfigurer">
        <property name="annotationClass" value="com.wp.utils.MyBatis"></property>
        <property name="basePackage" value="com.wp"/>
        <property name="sqlSessionFactoryBeanName" value="sqlSessionFactory"></property>
    </bean>


    <!-- 定义事务 -->
    <bean id="transactionManager" class="org.springframework.jdbc.datasource.DataSourceTransactionManager">
        <property name="dataSource" ref="dataSource"/>
    </bean>
    <!-- 配置 Annotation 驱动，扫描@Transactional注解的类定义事务  -->
    <tx:annotation-driven transaction-manager="transactionManager" proxy-target-class="true"/>
    <!--<aop:config>-->
    <!--<aop:aspect id="order" ref="clientServiceImpl">-->
    <!--<aop:pointcut id="addorder" expression="execution(* com.wp.cliadminervice.ClientService.addOrder(..))"/>-->
    <!--<aop:before method="addOrderID"  pointcut-ref="addorder"/>-->
    <!--</aop:aspect>-->
    <!--</aop:config>-->
    <!-- 注入静态方法-->
    <bean id="getType" class="com.wp.utils.FoodFuntion">
        <property name="foodsMapper" ref="foodsMapper"></property>
    </bean>
    <bean id="getAllType" class="com.wp.utils.FuntionDemo">
        <property name="foodTypeMapper" ref="foodTypeMapper"></property>
    </bean>
    <bean id="getNum" class="com.wp.utils.OrderFunction">
        <property name="orderMapper" ref="orderMapper"></property>
    </bean>
</beans>