<?xml version="1.0" encoding="UTF-8"?>
<!DOCTYPE mapper PUBLIC "-//mybatis.org//DTD Mapper 3.0//EN" "http://mybatis.org/dtd/mybatis-3-mapper.dtd">
<mapper namespace="com.wp.restuarant.data.food.dao.FoodTypeMapper">
   <resultMap id="BaseParam" type="com.wp.restuarant.data.food.entity.FoodType">
       <id column="tpye" property="type" javaType="java.lang.String" jdbcType="VARCHAR"/>
       <result column="id" property="id" javaType="java.lang.Integer" jdbcType="INTEGER"/>
   </resultMap>
    <select id="seach" resultMap="BaseParam">
        select * from t_foodtype
        order by id asc
    </select>
    <insert id="insert" parameterType="com.wp.restuarant.data.food.entity.FoodType">
        insert into t_foodtype(type,id) values(#{type},#{id})
    </insert>
    <insert id="insertBatch" parameterType="java.util.List">
        insert into t_foodtype values
        <foreach collection="list" item="item" index="index" separator=",">
            (#{item.type},#{item.id})
        </foreach>
    </insert>
    <update id="update" parameterType="com.wp.restuarant.data.food.entity.FoodType">
        update t_foodtype set id=#{id} where type=#{type}
    </update>
    <delete id="delete" parameterType="java.lang.String">
        delete from t_foodtype where type=#{0}
    </delete>
</mapper>