<?xml version="1.0" encoding="UTF-8"?>
<!DOCTYPE mapper PUBLIC "-//mybatis.org//DTD Mapper 3.0//EN" "http://mybatis.org/dtd/mybatis-3-mapper.dtd">
<mapper namespace="com.wp.restuarant.data.order.dao.OrderIdMapper">
  <resultMap id="BaseResultMap" type="com.wp.restuarant.data.order.entity.OrderID">
    <constructor>
      <idArg column="id" javaType="java.lang.Integer" jdbcType="INTEGER" />
      <arg column="time" javaType="java.util.Date" jdbcType="DATE" />
      <arg column="stat" javaType="java.lang.String" jdbcType="VARCHAR" />
      <arg column="money" javaType="java.lang.Integer" jdbcType="INTEGER" />
      <arg column="seat" javaType="java.lang.String" jdbcType="VARCHAR" />
    </constructor>
  </resultMap>
  <sql id="Base_Column_List">
    id, time, stat, money, seat
  </sql>
  <select id="selectByPrimaryKey" parameterType="java.lang.Integer" resultMap="BaseResultMap">
    select 
    <include refid="Base_Column_List" />
    from t_orderid
    where id = #{id,jdbcType=INTEGER}
  </select>
  <select id="selectAll" resultMap="BaseResultMap">
    select o.id,o.time,o.stat,sum(t.food_price) as money,o.seat
    from t_order t,t_orderid o
    group by t.orderid having o.id=t.orderid
  </select>
  <select id="selectND" parameterType="java.lang.Integer" resultMap="BaseResultMap">
  select * from t_orderid t
  <where> 'ND' in
  (select la from t_order where orderid=t.id)
  and stat &lt;&gt; 'DONE'
  <if test='_parameter!="0"'>
    and id=#{0}
  </if>
  </where>
  </select>
  <delete id="deleteByPrimaryKey" parameterType="java.lang.Integer">
    delete from t_orderid
    where id = #{id,jdbcType=INTEGER}
  </delete>
  <insert id="insert" parameterType="com.wp.restuarant.data.order.entity.OrderID">
    insert into t_orderid (id, time, stat, 
      money, seat)
    values (#{id,jdbcType=INTEGER}, #{time,jdbcType=DATE}, #{stat,jdbcType=VARCHAR}, 
      #{money,jdbcType=INTEGER}, #{seat,jdbcType=VARCHAR})
  </insert>
  <insert id="insertSelective" parameterType="com.wp.restuarant.data.order.entity.OrderID" useGeneratedKeys="true"
          keyProperty="id">
    insert into t_orderid
    <trim prefix="(" suffix=")" suffixOverrides=",">
      <if test="id != null">
        id,
      </if>
      <if test="time != null">
        time,
      </if>
      <if test="stat != null">
        stat,
      </if>
      <if test="money != null">
        money,
      </if>
      <if test="seat != null">
        seat,
      </if>
    </trim>
    <trim prefix="values (" suffix=")" suffixOverrides=",">
      <if test="id != null">
        #{id,jdbcType=INTEGER},
      </if>
      <if test="time != null">
        #{time,jdbcType=DATE},
      </if>
      <if test="stat != null">
        #{stat,jdbcType=VARCHAR},
      </if>
      <if test="money != null">
        #{money,jdbcType=INTEGER},
      </if>
      <if test="seat != null">
        #{seat,jdbcType=VARCHAR}
      </if>
    </trim>
  </insert>
  <update id="updateByPrimaryKeySelective" parameterType="com.wp.restuarant.data.order.entity.OrderID">
    update t_orderid
    <set>
      <if test="time != null">
        time = #{time,jdbcType=DATE},
      </if>
      <if test="stat != null">
        stat = #{stat,jdbcType=VARCHAR},
      </if>
      <if test="money != null">
        money = #{money,jdbcType=INTEGER},
      </if>
      <if test="seat != null">
        seat = #{seat,jdbcType=VARCHAR},
      </if>
    </set>
    where id = #{id,jdbcType=INTEGER}
  </update>
  <update id="updateOrderId" parameterType="java.lang.Integer">
     update t_orderid
     set stat='DONE'
     where id=#{0}
  </update>
  <update id="updateByPrimaryKey" parameterType="com.wp.restuarant.data.order.entity.OrderID">
    update t_orderid
    set time = #{time,jdbcType=DATE},
      stat = #{stat,jdbcType=VARCHAR},
      money = #{money,jdbcType=INTEGER},
      seat = #{seat,jdbcType=VARCHAR}
    where id = #{id,jdbcType=INTEGER}
  </update>
</mapper>